Store Name,person Area Percentage (%),bicycle Area Percentage (%),car Area Percentage (%),motorcycle Area Percentage (%),bus Area Percentage (%),traffic light Area Percentage (%),fire hydrant Area Percentage (%),stop sign Area Percentage (%),bench Area Percentage (%),bird Area Percentage (%),cat Area Percentage (%),dog Area Percentage (%),horse Area Percentage (%),sheep Area Percentage (%),backpack Area Percentage (%),umbrella Area Percentage (%),handbag Area Percentage (%),kite Area Percentage (%),surfboard Area Percentage (%),bottle Area Percentage (%),wine glass Area Percentage (%),cup Area Percentage (%),fork Area Percentage (%),spoon Area Percentage (%),bowl Area Percentage (%),banana Area Percentage (%),sandwich Area Percentage (%),orange Area Percentage (%),cake Area Percentage (%),chair Area Percentage (%),couch Area Percentage (%),potted plant Area Percentage (%),dining table Area Percentage (%),toilet Area Percentage (%),tv Area Percentage (%),laptop Area Percentage (%),keyboard Area Percentage (%),cell phone Area Percentage (%),microwave Area Percentage (%),oven Area Percentage (%),sink Area Percentage (%),refrigerator Area Percentage (%),book Area Percentage (%),clock Area Percentage (%),vase Area Percentage (%),scissors Area Percentage (%),teddy bear Area Percentage (%),Building Area (%),Sky Area (%),Vegetation Area (%)
1017COFFEE&TEA,0.0,0.0,0.0,0.0,0.0,0.0,0.0,0.0,0.0,0.0,0.0,0.0,0.0,0.0,0.0,0.0,0.0,0.0,0.0,0.0,0.0,3.933333333333333,0.0,0.0,0.05833333333333333,0.0,0.0,0.0,2.315,2.921666666666667,0.0,0.21666666666666667,21.55333333333333,0.0,0.0,0.0,0.0,0.0,0.0,0.0,0.0,0.0,2.591666666666667,0.0,0.0,0.0,0.0,3.3183333333333334,0.15,0.165
47%coffee,0.0,0.0,0.0,0.0,0.0,0.0,0.0,0.0,0.0,0.0,0.0,0.0,0.0,0.0,0.0,0.0,0.0,0.0,0.0,0.0,0.0,3.2183333333333337,0.0,0.0,1.16,0.0,0.0,0.0,0.0,1.5383333333333333,0.0,1.9916666666666665,0.0,0.0,0.0,0.0,0.0,0.0,0.0,0.0,0.0,0.0,0.0,0.0,0.13666666666666666,0.0,0.0,8.201666666666666,0.028333333333333335,0.2383333333333333
85²Coffee&Bar,0.3525,0.0,0.0,0.0,0.0,0.0,0.0,0.0,1.445,0.0,0.0,0.0,0.0,0.0,0.0,0.0,0.0,0.76,0.0,0.0,0.0,0.0,0.0,0.0,0.0,0.0,0.0,0.0,0.0,0.0,3.72,0.5625,1.08,0.0,0.0,0.0,0.0,0.0,0.0,0.0,0.0,3.6825,0.0,0.0,0.0,0.0,0.0,26.21,0.0,0.2425
A5 ROOM(金地·京汉1903小区店),0.0,0.0,0.0,0.0,0.0,0.0,0.0,0.0,0.0,0.0,0.0,0.0,0.0,0.0,0.0,0.0,0.0,0.0,0.0,0.0,0.0,0.0,0.0,0.0,0.0,0.0,0.0,0.0,0.0,0.0,0.0,0.0,0.0,0.0,0.0,0.0,0.0,0.0,0.0,0.0,0.0,0.0,0.0,0.0,0.0,0.0,0.0,36.8025,0.0,0.0
Cento Coffee,3.311666666666667,0.0,0.0,0.0,0.0,0.0,0.0,0.0,0.0,0.0,0.0,0.0,0.0,0.0,0.0,0.0,0.0,0.0,0.0,0.0,0.0,0.06333333333333334,0.0,0.0,0.0,0.0,0.0,0.0,0.0,1.9016666666666666,0.0,9.17,2.2266666666666666,0.0,0.0,0.0,0.0,0.018333333333333333,0.0,0.0,0.0,0.0,0.0,0.0,0.0,0.0,0.0,8.141666666666667,0.25333333333333335,0.0
F.Coffee(车站路店),1.835,0.0,0.0,0.0,0.0,0.0,0.0,0.0,0.0,0.0,0.0,0.0,0.0,0.0,0.0,0.0,1.9116666666666668,0.0,0.0,0.0,0.0,17.161666666666665,0.0,1.4616666666666667,4.09,0.0,0.0,0.0,0.0,0.0,0.0,0.0,40.589999999999996,0.0,0.0,0.0,0.0,0.0,0.0,0.0,0.0,0.0,0.0,0.0,0.0,0.0,0.0,2.1983333333333337,0.7083333333333334,0.0
Fish coffee,1.64,0.0,0.0,0.0,0.0,0.0,0.0,0.0,0.0,0.0,0.0,0.0,0.0,0.0,0.0,0.0,0.0,0.0,0.0,0.0,0.0,1.8116666666666665,0.0,0.0,0.0,0.0,0.0,0.0,0.0,0.0,0.0,0.0,9.946666666666667,0.0,0.0,0.0,0.0,0.0,0.0,0.0,0.0,0.0,0.0,0.0,0.0,0.0,0.0,0.3566666666666667,0.61,0.005
GOODSLOVE(武汉X118店),8.051666666666668,0.0,0.0,0.0,0.0,0.0,0.0,0.0,0.0,0.0,0.0,0.0,0.0,0.0,0.0,0.0,0.17166666666666666,0.0,0.0,0.0,0.0,0.0,0.0,0.0,0.0,0.0,0.0,0.0,0.0,0.0,0.0,0.0,0.0,0.0,2.2183333333333333,0.0,0.0,0.0,0.0,0.0,0.0,0.0,0.0,0.0,0.0,0.0,0.0,0.0,0.0,0.0
Galar(金地1903商业街店),0.47333333333333333,0.0,0.0,0.0,0.0,0.0,0.0,0.0,0.0,0.0,0.0,0.0,0.0,0.0,0.0,0.0,0.0,0.0,0.0,0.10166666666666667,0.0,0.0,0.0,0.0,0.0,0.0,0.0,0.0,0.0,1.7233333333333334,0.0,10.336666666666666,0.775,0.0,0.0,0.0,0.0,0.0,0.0,0.0,0.0,0.0,1.235,0.0,0.38999999999999996,0.0,0.0,4.361666666666667,0.0016666666666666668,2.813333333333334
IRIS COFFEE STORE·悦,0.4083333333333334,0.0,0.0,0.0,0.0,0.0,0.0,0.0,0.07166666666666667,0.0,0.0,0.0,0.0,0.0,0.0,0.0,0.0,0.0,0.0,0.41333333333333333,0.0,0.6666666666666666,0.0,0.0,0.0,0.0,0.0,0.0,0.0,0.07666666666666667,0.0,0.0,0.0,0.0,0.0,0.0,0.0,0.0,0.0,0.0,0.0,0.0,0.0,0.0,0.0,0.0,0.0,14.278333333333334,0.17666666666666667,0.4000000000000001
JH 集合咖啡艺术商店,0.0,0.0,0.0,0.0,0.0,0.0,0.0,0.0,0.0,0.0,0.0,0.0,0.0,0.0,0.0,0.0,0.0,0.0,0.0,0.0,0.0,0.0,0.0,0.0,0.0,0.0,0.0,0.0,0.0,0.0,0.0,0.0,0.0,0.0,0.0,0.0,0.0,0.0,0.0,0.0,0.0,0.0,0.0,0.0,0.0,0.0,0.0,4.075,4.03,23.58
JOKER旧可咖啡,0.0,0.0,0.0,1.165,0.0,0.0,0.0,0.0,0.0,0.0,0.0,0.0,0.0,0.0,0.0,0.0,0.0,0.0,0.0,0.0,0.0,4.043333333333334,1.3499999999999999,0.0,3.525,0.0,1.7883333333333333,0.0,8.795,0.0,0.0,3.105,14.903333333333334,0.0,0.0,0.0,0.0,0.0,0.0,0.0,0.0,0.0,0.0,0.0,0.0,0.0,0.0,4.101666666666667,0.0,0.44166666666666665
MSTAND咖啡(咸安坊店),0.0,0.0,0.0,0.0,0.0,0.0,0.0,0.0,0.0,0.0,0.0,0.0,0.0,0.0,0.0,0.0,0.0,0.0,0.0,0.0,0.0,0.0,0.0,0.0,0.0,0.0,0.0,0.0,0.0,0.0,0.0,0.0,0.0,0.0,0.0,0.0,0.0,0.0,0.0,0.0,0.0,0.0,0.0,0.0,0.0,0.0,0.0,23.355,0.325,0.0
NO.7咖啡,0.0,0.0,0.0,0.0,0.0,0.0,0.0,0.0,0.0,0.0,0.0,0.0,0.0,0.0,0.0,0.0,0.0,0.0,0.0,0.0,0.0,19.096666666666668,0.0,0.0,0.0,0.0,0.0,0.0,0.0,0.0,0.7483333333333334,0.0,31.493333333333336,0.0,0.0,0.0,0.0,1.1233333333333333,0.0,0.0,0.0,0.0,0.0,0.0,0.0,0.0,0.0,4.806666666666667,0.5933333333333334,0.01
NOSEAT咖啡(洞庭街店),8.126666666666667,0.0,6.25,0.0,0.0,0.0,0.0,0.0,0.0,0.0,0.0,0.0,0.0,0.0,0.0,0.0,0.0,0.0,0.0,0.0,0.0,15.403333333333334,0.0,0.0,0.0,0.0,0.0,0.0,0.0,3.456666666666667,0.0,1.7683333333333333,8.025,0.0,0.0,0.0,0.0,0.0,0.0,0.0,0.0,0.0,0.0,0.0,0.0,0.0,1.315,8.9,0.013333333333333334,0.5833333333333334
NOWORRY不焦虑咖啡(武汉美术馆店),0.0,0.0,0.0,0.0,0.0,0.0,0.0,0.0,0.0,0.0,0.0,0.0,0.0,0.0,0.0,0.0,0.0,0.0,0.0,0.0,0.0,0.0,0.0,0.0,0.0,0.0,0.0,0.0,0.0,0.0,0.0,0.0,0.0,0.0,0.0,0.0,0.0,0.0,0.0,0.0,0.0,0.0,0.0,0.0,0.0,0.0,0.0,12.135,0.0,0.205
Nowwa挪瓦咖啡(馨悦国际店),0.0,0.0,0.0,0.0,0.0,0.0,0.0,0.0,0.0,0.0,0.0,0.0,0.0,0.0,0.0,2.185,0.0,0.0,0.0,0.0,0.0,0.0,0.0,0.0,0.0,0.0,0.0,0.0,0.0,1.28,0.0,0.0,0.0,0.0,0.0,0.0,0.0,0.0,0.0,0.0,0.0,0.0,0.0,0.0,0.0,0.0,0.0,9.3,0.095,2.245
ONTO自在生成-认真咖啡,0.0,0.0,0.2725,0.0,0.0,0.0,0.0,0.0,0.0,0.0,0.0,0.0,0.0,0.0,0.0,0.0,0.0,0.0,0.0,0.0,0.0,0.0,0.0,0.0,0.0,0.0,0.0,0.0,0.0,0.0,0.0,0.0,0.0,0.0,0.0,0.0,0.0,0.0,0.0,0.0,0.0,0.0,0.0,0.0,0.0,0.0,0.0,19.565,0.0,0.0
PLAY COFFEE(平和坊历史文化街区店),0.008333333333333333,0.0,0.0,0.0,0.0,0.0,0.065,0.0,0.0,0.0,0.0,0.0,0.0,0.0,0.0,0.0,0.0,0.0,0.0,0.0,0.0,0.0,0.0,0.0,0.0,0.0,0.0,0.0,0.0,0.0,0.0,0.0,0.0,0.0,0.0,0.0,0.0,0.0,0.0,0.0,0.0,0.0,0.0,0.0,0.0,0.0,0.0,3.17,0.5133333333333333,0.44166666666666665
Passing by,0.0,0.0,0.0,0.0,0.0,0.06999999999999999,0.0,0.0,0.0,0.0,0.0,0.0,0.0,0.0,0.0,0.0,0.0,0.0,0.0,0.0,0.0,0.0,0.0,0.0,0.0,0.0,0.0,0.0,0.0,4.718333333333333,0.3116666666666667,5.0183333333333335,0.28833333333333333,0.0,0.0,0.0,0.0,0.0,0.0,0.0,0.0,0.0,0.0,0.0,0.0,0.0,0.0,0.04833333333333333,0.0,0.24833333333333332
ROUND,3.3833333333333333,0.0,0.0,0.0,0.0,0.0,0.0,0.0,0.15833333333333333,0.0,0.0,0.0,0.0,0.0,0.0,0.0,0.0,0.0,0.0,0.0,0.0,0.0,0.0,0.0,0.0,0.0,0.0,0.0,0.0,0.3066666666666667,0.0,1.845,0.0,0.0,0.0,0.0,0.0,0.0,0.0,0.0,0.0,0.0,0.0,0.0,0.0,0.0,0.8133333333333334,6.213333333333334,1.34,0.5033333333333333
RUA(百帝苑店),0.0,0.0,0.0,0.0,0.0,0.0,0.0,0.0,0.0,0.0,0.0,0.0,0.0,0.0,0.0,0.0,0.0,0.0,0.0,0.0,0.0,1.8133333333333335,0.545,0.0,0.0,10.981666666666667,0.0,0.0,3.823333333333333,1.93,0.043333333333333335,3.0500000000000003,32.095,0.0,0.0,0.0,0.0,0.0,0.0,0.0,0.0,0.0,2.2883333333333336,0.0,0.26333333333333336,0.0,0.0,0.36999999999999994,0.5783333333333333,0.5466666666666667
Tims天好咖啡(大洋中心店),0.0,0.0,0.0,0.0,0.0,0.0,0.0,0.0,0.0,0.0,0.0,0.0,0.0,0.0,0.0,0.0,0.0,0.0,0.0,0.0,0.0,0.0,0.0,0.0,0.0,0.0,0.0,0.0,0.0,0.2866666666666667,0.0,0.0,0.20833333333333334,0.0,0.0,0.0,0.0,0.0,0.0,0.0,0.0,0.0,0.0,0.0,0.0,0.0,0.0,1.805,0.0016666666666666668,0.0
WAGON COFFEE(中心百货店),1.0316666666666667,0.0,0.0,0.0,0.0,0.0,0.4683333333333333,0.4283333333333333,0.0,0.0,0.0,0.0,0.0,0.0,0.0,0.0,0.0,0.0,0.0,0.10666666666666667,0.0,0.0,0.0,0.0,0.0,0.0,0.0,0.0,0.0,0.13,0.0,0.0,0.0,0.0,0.0,0.0,0.0,0.0,0.0,0.0,0.0,0.0,0.0,0.0,0.0,0.0,0.0,1.125,0.0,0.015
Wagon Coffee瓦工(京汉城市广场店),0.975,0.0,0.0,0.0,0.0,0.0,0.0,0.0,0.0,0.0,0.0,0.0,0.0,0.0,0.0,0.0,0.0,0.0,0.0,0.0,0.0,0.0,0.0,0.0,0.0,0.0,0.0,0.0,0.0,2.445,0.0,0.0525,0.485,0.0,0.235,0.0,0.0,0.0,0.0,0.0,0.0,0.0,0.0,0.0,0.0,0.0,0.0,2.165,0.8425,1.9825
Wakanda瓦坎达咖啡(大智路店),0.6283333333333333,0.0,0.2866666666666667,0.0,0.0,0.0,0.0,0.0,0.0,0.0,0.0,0.0,0.0,0.0,0.0,0.0,0.0,0.0,0.0,0.0,0.0,0.0,0.0,0.0,0.0,0.0,0.0,0.0,0.0,0.8433333333333333,0.0,2.6350000000000002,0.0,0.0,0.0,0.0,0.0,0.0,0.0,0.0,0.0,0.0,0.0,0.0,0.0,0.0,0.0,22.09166666666667,0.30833333333333335,0.005
circle circle coffee,0.5166666666666667,0.0,0.0,0.0,0.0,0.0,0.21666666666666667,0.0,0.0,0.0,0.0,0.0,0.0,0.0,0.0,0.0,0.0,0.0,0.0,0.0,0.0,0.0,0.0,0.0,0.0,0.0,0.0,0.0,0.0,0.5566666666666666,0.0,0.11333333333333334,0.0,0.0,0.0,0.0,0.0,0.0,0.0,0.0,0.0,0.0,0.0,0.0,0.0,0.0,0.0,2.7816666666666667,0.0,5.705000000000001
luckin coffee 瑞幸咖啡(M+购物中心店),0.0,0.0,0.0,0.0,0.0,0.0,0.0,0.0,0.0,0.0,0.0,0.0,0.0,0.0,0.0,0.0,0.0,0.0,0.0,0.0,0.0,11.661666666666667,0.0,0.0,0.0,0.0,0.0,0.0,0.0,0.0,0.0,0.0,5.4750000000000005,0.0,0.0,0.0,0.0,0.0,0.0,0.0,0.0,0.0,0.0,0.0,0.0,0.0,0.0,2.5116666666666667,1.805,1.9316666666666666
luckin coffee 瑞幸咖啡(保元里店),1.3266666666666667,0.0,0.0,0.0,0.0,0.0,0.0,0.0,0.0,0.0,0.0,0.0,0.0,0.0,0.0,0.0,0.0,0.0,0.0,0.0,0.0,0.0,0.0,0.0,0.0,0.0,0.0,0.0,0.0,0.17500000000000002,0.0,0.0,0.0,0.0,1.0283333333333333,0.0,0.0,0.0,0.0,0.22999999999999998,0.0,0.0,0.0,0.0,0.0,0.0,0.0,0.36833333333333335,0.08666666666666667,0.0
luckin coffee 瑞幸咖啡(华中通信广场店),21.916666666666668,0.0,0.0,0.0,0.0,0.0,0.0,0.0,0.0,0.0,0.0,0.0,0.0,0.0,0.0,0.0,0.0,0.0,0.0,0.0,0.0,12.993333333333332,0.0,0.0,0.0,0.0,0.0,0.0,0.0,0.075,0.0,0.0,0.0,0.0,0.44166666666666665,0.0,0.0,0.0,0.0,0.3233333333333333,0.0,0.0,0.0,0.0,0.0,0.0,0.0,0.34833333333333333,0.11333333333333334,0.0
luckin coffee 瑞幸咖啡(南国中心T1写字楼店),0.8350000000000001,0.0,0.17,0.0,0.0,0.0,0.0,0.0,0.0,0.0,0.0,0.0,0.0,0.0,0.0,0.0,0.0,0.0,0.0,0.0,0.0,0.0,0.0,0.0,0.0,0.0,0.0,0.0,0.0,0.0,0.0,0.0,0.0,0.0,0.0,0.0,0.0,0.0,0.0,0.0,0.0,0.0,0.0,0.0,0.0,0.0,0.0,8.626666666666667,1.3416666666666668,7.378333333333333
luckin coffee 瑞幸咖啡(南国中心店),0.17,0.0,0.0,0.0,0.0,0.0,0.0,0.0,0.0,0.0,0.0,0.0,0.0,0.0,0.0,0.0,0.0,0.0,0.0,0.0,0.0,0.0,0.0,0.0,0.0,0.0,0.0,0.0,0.0,0.09333333333333334,0.0,0.0,0.255,0.0,0.0,0.0,0.0,0.0,0.0,0.0,0.0,0.0,0.0,0.0,0.0,20.868333333333336,0.0,3.435,0.065,0.0016666666666666668
luckin coffee 瑞幸咖啡(江汉印象城C座店),0.22333333333333336,0.0,0.0,0.0,0.0,0.0,0.0,0.0,0.0,0.0,0.0,0.0,0.0,0.0,0.0,0.0,0.0,0.0,2.9066666666666667,0.0,0.0,0.0,0.0,0.0,0.0,0.0,0.0,0.0,0.0,0.225,0.0,0.0,0.0,0.0,0.5766666666666667,0.0,0.0,0.0,0.0,0.0,0.0,0.0,0.0,0.0,0.0,13.583333333333334,0.0,1.4933333333333332,0.2733333333333334,0.0
luckin coffee 瑞幸咖啡(江汉路站店),3.2883333333333336,0.0,0.0,0.0,0.0,0.0,0.0,0.0,0.225,0.0,0.0,0.0,0.0,0.0,0.0,0.0,0.0,0.0,0.0,0.0,0.0,1.2783333333333333,0.0,0.24666666666666667,0.0,0.0,0.0,0.0,0.0,1.6333333333333335,0.0,0.0,5.3116666666666665,0.0,4.325,0.0,0.0,0.0,0.0,0.0,0.0,0.0,0.0,0.0,0.0,13.583333333333334,0.0,1.873333333333333,0.06333333333333334,0.0
luckin coffee 瑞幸咖啡(泛悦·南国中心一期购物中心店),0.0,0.0,0.0,0.0,0.0,0.0,0.0,0.0,0.0,0.0,0.0,0.0,0.0,0.0,0.0,0.0,0.0,0.0,0.0,0.0,0.0,11.661666666666667,0.0,0.0,0.0,0.0,0.0,0.0,0.0,0.0,0.0,0.0,5.463333333333334,0.0,0.0,0.0,0.0,0.0,0.0,0.0,0.0,0.0,0.0,0.0,0.0,0.0,0.0,2.6916666666666664,1.6783333333333335,1.9316666666666666
see yo又见咖啡(武汉南京路店),0.4633333333333333,0.0,1.9349999999999998,0.0,0.0,0.0,0.0,0.0,0.0,0.0,0.0,0.0,0.0,0.0,0.0,0.0,0.0,0.0,0.0,0.0,0.0,0.0,0.0,0.0,0.0,0.0,0.0,0.0,0.0,1.825,0.0,0.0,6.920000000000001,0.0,0.0,0.0,0.0,0.0,0.0,0.0,0.0,0.0,0.0,0.0,0.0,0.0,0.0,0.0016666666666666668,0.0,0.0
star coffee,0.26833333333333337,0.0,0.0,0.0,0.0,0.0,0.0,0.0,0.0,0.0,0.0,0.0,0.0,0.0,0.0,0.0,0.0,0.0,0.0,0.0,0.0,10.051666666666668,0.0,0.0,0.0,0.0,0.0,0.0,0.0,1.9100000000000001,0.0,0.0,0.0,0.0,0.0,0.0,0.0,0.0,0.0,0.0,0.0,0.0,0.0,0.0,0.0,0.0,0.0,5.805000000000001,1.5333333333333332,0.19000000000000003
一杯猫咖啡(大智路旗舰店),0.7766666666666667,0.0,0.0,0.0,0.0,0.0,0.0,0.0,0.0,0.03333333333333333,0.0,0.0,0.07333333333333333,0.0,0.0,0.0,0.0,0.0,0.0,0.0,0.0,0.0,0.0,0.0,0.0,0.0,0.0,0.0,0.0,0.0,0.0,0.0,0.0,0.0,0.0,0.0,0.0,0.0,0.0,0.0,0.0,0.0,0.0,0.7266666666666666,0.0,0.0,0.0,2.9883333333333333,0.0,0.0
七楼的喵猫咖啡,0.9666666666666667,0.0,0.0,0.0,0.0,0.0,0.0,0.0,0.0,0.0,7.361666666666667,7.0183333333333335,0.0,4.36,0.0,0.0,0.0,0.0,0.0,0.0,0.0,0.0,0.0,0.0,0.0,0.0,0.0,0.0,0.0,4.0,0.0,0.0,6.408333333333334,13.061666666666667,0.0,0.0,0.0,0.0,0.0,0.0,0.0,0.0,0.16166666666666665,0.0,0.0,0.0,0.0,4.925,0.0,0.0
三川庭院,0.0,0.0,0.0,0.0,0.0,0.0,0.0,0.0,0.0,0.0,0.0,0.0,0.0,0.0,0.0,0.0,0.0,0.0,0.0,6.555,0.0,0.0,0.0,0.03,4.75,0.0,0.0,0.0,0.0,0.0,0.0,0.31666666666666665,16.311666666666667,0.0,0.0,0.0,0.0,0.0,0.0,0.0,0.0,0.0,0.0,0.0,0.0,0.0,0.0,5.864999999999999,3.5483333333333333,2.1366666666666667
上岸咖啡,0.0,0.0,0.0,0.0,0.0,0.0,0.0,0.0,0.0,0.0,0.0,0.0,0.0,0.0,0.0,0.0,0.0,0.0,0.0,0.0,0.0,0.0,0.0,0.0,0.0,0.0,0.0,0.0,0.0,0.0,0.0,1.125,0.0,0.0,0.0,0.0,0.0,0.0,0.0,0.0,0.0,0.0,0.0,0.0,0.18999999999999997,0.0,0.0,7.414999999999999,2.32,0.0
不焦虑咖啡(中心百货店),1.2083333333333333,0.0,0.0,0.0,0.0,0.0,0.0,0.0,0.0,0.0,0.0,0.0,0.0,0.0,0.0,0.0,0.0,0.0,0.0,0.075,0.0,0.04666666666666667,0.0,0.0,0.0,0.0,0.0,0.0,0.0,1.3016666666666665,9.003333333333332,5.815,0.0,0.0,0.5983333333333333,0.0,0.0,0.0,0.0,0.0,0.0,0.0,0.0,0.0,0.11833333333333333,0.0,0.0,4.265,3.4066666666666667,0.4216666666666667
不爱咖啡(吉庆街45号),0.20666666666666667,0.0,0.0,0.0,0.0,0.0,0.0,0.0,0.5866666666666667,0.0,0.0,0.0,0.0,0.0,0.0,0.0,0.0,0.0,0.0,0.0,0.0,0.0,0.0,0.0,0.0,0.0,0.0,0.0,0.0,2.0500000000000003,0.0,0.5716666666666667,0.0,0.0,0.135,0.0,0.0,0.0,0.0,0.0,0.0,0.0,0.0,0.0,0.0,0.0,0.0,0.19833333333333336,0.0,0.0
二爻咖啡,3.595,0.0,0.0,5.1066666666666665,0.0,0.0,0.0,0.0,0.0,0.0,0.0,0.0,0.0,0.0,0.0,0.0,0.0,0.0,0.0,0.0,0.0,0.0,0.0,0.0,0.0,0.0,0.0,0.0,0.0,0.0,0.0,0.0,0.0,0.0,0.0,0.0,0.0,0.0,0.0,0.0,0.0,0.0,0.0,0.0,0.0,0.0,0.0,12.441666666666665,0.3,1.07
及时咖啡(金地·京汉1903小区店),0.11166666666666668,0.0,0.0,0.0,0.0,0.0,0.0,0.0,0.0,0.0,0.0,0.0,0.0,0.0,0.0,0.0,0.0,0.0,0.0,0.041666666666666664,0.0,0.0,0.0,0.0,0.0,0.0,0.0,0.0,0.0,0.16,0.0,0.49500000000000005,1.0,0.0,0.0,0.0,0.0,0.0,0.0,0.0,0.0,0.4066666666666667,0.0,0.0,0.0,0.0,0.0,4.67,0.0016666666666666668,0.0
双闪DOUBLES BAR,0.6133333333333333,0.0,6.458333333333333,0.0,0.0,0.0,0.0,0.0,0.0,0.0,0.0,0.0,0.0,0.0,0.0,0.0,0.0,0.0,0.0,0.0,0.06833333333333333,0.0,0.0,0.0,0.041666666666666664,0.0,0.0,0.0,0.0,5.989999999999999,0.0,0.0,2.356666666666667,0.0,0.0,0.0,0.0,0.0,0.0,0.0,0.0,0.0,0.0,0.0,0.0,0.0,0.0,0.0,0.125,0.0016666666666666668
和平咖啡·酒吧的白天(黄兴路店),2.521666666666667,0.0,0.0,0.37666666666666665,0.0,0.0,0.0,0.0,0.0,0.0,0.0,0.0,0.0,0.0,0.0,0.0,0.0,0.0,0.0,0.6033333333333334,0.0,0.6116666666666667,0.0,0.0,0.0,0.0,0.0,0.0,0.0,0.3833333333333333,0.0,0.0,10.148333333333332,0.0,0.0,0.0,0.0,0.0,0.0,0.0,0.0,0.0,0.0,0.0,0.0,0.0,0.0,6.298333333333333,0.6866666666666666,0.06833333333333333
哆咪咖啡(江汉路步行街店),0.0,0.0,0.0,0.0,0.0,0.0,0.0,0.0,0.0,0.0,0.0,0.0,0.0,0.0,0.0,0.0,0.0,0.0,0.0,0.7266666666666667,0.05666666666666667,0.12166666666666666,0.0,0.0,0.07333333333333333,0.0,0.0,0.0,0.0,0.9333333333333332,0.0,6.4750000000000005,0.45,0.0,0.0,0.0,0.0,0.0,0.0,0.0,0.0,0.0,0.0,0.305,0.2866666666666667,0.0,0.0,11.675000000000002,0.0,1.115
喵屋咖啡(新佳丽广场店),0.06166666666666667,0.0,0.0,0.0,0.0,0.0,0.0,0.0,0.0,0.0,0.0,0.0,0.0,0.0,0.0,0.0,0.0,0.15333333333333335,0.0,0.0,0.0,0.0,0.0,0.0,0.0,0.0,0.0,0.0,0.0,0.13833333333333334,0.0,0.0,0.0,0.0,0.36166666666666664,0.0,0.0,0.0,0.0,0.0,0.0,0.0,0.0,0.085,0.0,0.0,0.0,0.22666666666666666,2.185,0.013333333333333334
壹贰叁(Happy站台美食街店),7.81,0.0,0.0,0.0,0.0,0.0,0.0,0.0,0.0,0.0,0.0,0.0,0.0,0.0,0.7266666666666667,0.0,0.0,0.0,0.0,0.0,0.0,0.0,0.0,0.0,0.0,0.0,0.0,0.0,0.0,0.0,0.0,0.0,0.0,0.0,0.0,0.0,0.0,0.028333333333333335,0.0,0.0,0.0,0.0,0.0,0.0,0.0,0.0,0.0,10.033333333333333,0.265,0.0
幸运咖(辅仁里店),1.8266666666666669,0.0,0.0,0.0,0.0,0.0,0.0,0.0,0.0,0.0,0.0,0.0,0.0,0.0,0.0,0.0,0.0,0.0,0.0,0.0,0.0,0.0,0.0,0.0,0.0,0.0,0.0,0.0,0.0,0.0,0.0,2.9433333333333334,0.0,0.0,0.8833333333333333,0.0,0.0,0.0,0.0,0.0,0.0,0.0,0.0,0.0,0.0,0.0,0.0,7.038333333333333,0.47333333333333333,0.0
库迪咖啡(保成路today店),0.0,0.0,0.7433333333333333,0.0,0.0,0.0,0.0,0.7366666666666667,0.0,0.0,0.0,0.0,0.0,0.0,0.0,0.0,0.0,0.0,0.0,0.0,0.0,0.0,0.0,0.0,0.0,0.0,0.0,0.0,0.0,0.15333333333333335,0.0,0.0,0.0,0.0,0.0,0.0,0.0,0.0,0.0,0.0,0.0,0.0,0.0,0.0,0.0,0.0,0.0,0.6633333333333333,0.4666666666666666,0.0033333333333333335
库迪咖啡(大智路店),0.0,0.0,0.0,0.0,0.0,0.0,0.0,0.0,0.0,0.0,0.0,0.0,0.0,0.0,0.0,0.0,0.0,0.0,0.0,4.4366666666666665,0.0,7.849999999999999,0.0,0.0,0.4666666666666666,0.0,0.0,0.0,0.0,0.0,0.0,3.9949999999999997,0.0,0.0,0.0,0.0,0.0,0.0,0.0,0.0,0.0,0.0,0.0,0.0,0.0,0.0,0.0,2.111666666666667,1.1366666666666667,0.030000000000000002
库迪咖啡(宝利金中央荣御店),0.0,0.0,0.0,0.0,0.0,0.0,0.0,0.0,0.0,0.0,0.0,0.0,0.0,0.0,0.0,0.0,0.0,0.0,0.0,4.4366666666666665,0.0,7.849999999999999,0.0,0.0,0.4666666666666666,0.0,0.0,0.0,0.0,0.0,0.0,3.9949999999999997,0.0,0.0,0.0,0.0,0.0,0.0,0.0,0.0,0.0,0.0,0.0,0.0,0.0,0.0,0.0,2.111666666666667,1.1366666666666667,0.030000000000000002
库迪咖啡(江汉自治街京东便利店),0.0,0.0,0.0,0.0,0.0,0.0,0.0,0.0,0.0,0.0,0.0,0.0,0.0,0.0,0.0,0.0,0.0,0.0,0.0,0.0,0.0,0.0,0.0,0.0,0.0,0.0,0.0,0.0,0.0,0.0,0.0,0.0,0.0,0.0,0.0,0.0,0.0,0.0,0.0,0.0,0.0,0.0,0.0,0.0,0.0,0.0,0.0,14.952499999999999,0.0,0.0
库迪咖啡(江汉路步行街店),0.8616666666666667,0.0,0.5,0.0,0.0,0.0,0.0,0.0,0.0,0.0,0.0,0.0,0.0,0.0,0.0,0.0,0.0,0.0,0.0,0.0,0.0,0.0,0.0,0.0,0.0,0.0,0.0,0.0,0.0,0.15333333333333335,0.0,0.0,0.0,0.0,0.0,0.0,0.0,0.0,0.0,0.0,0.0,0.0,0.0,0.0,0.0,0.0,0.0,0.5816666666666667,0.4666666666666666,0.005
得体咖啡·Dirty专门店(黎黄陂路店),0.0,0.0,0.0,0.6583333333333333,0.0,0.0,0.0,0.0,0.0,0.0,0.0,0.0,0.0,0.0,0.0,0.0,0.0,0.0,0.0,0.0,0.0,0.0,0.0,0.0,0.0,0.0,0.0,0.0,0.0,0.2383333333333333,0.0,0.0,0.0,0.0,0.7200000000000001,0.0,0.0,0.0,0.0,0.0,0.0,0.0,0.0,0.0,0.0,0.0,0.0,1.3416666666666668,3.4283333333333332,0.4066666666666667
忙忙咖啡屋(mang cafe),0.0,0.0,0.0,0.0,0.0,0.0,0.0,0.0,0.0,0.0,0.0,0.0,0.0,0.0,0.0,0.0,0.0,0.0,0.0,0.0,0.0,0.0,0.0,0.0,0.0,0.0,0.0,0.0,0.0,0.0,0.0,5.456666666666667,0.0,0.0,0.0,0.0,0.0,0.0,0.0,0.0,0.0,0.0,0.0,0.0,0.10166666666666667,0.0,0.7066666666666667,21.231666666666666,0.008333333333333333,2.9600000000000004
愚人咖啡(车站街尚德社区店)(装修中),0.0,0.0,0.0,0.0,0.0,0.0,0.0,0.0,0.0,0.0,0.0,0.0,0.0,0.0,0.0,0.0,0.0,0.0,0.0,0.0,0.0,5.456666666666667,0.0,0.0,0.0,0.0,0.0,0.0,0.0,4.088333333333334,0.0,8.328333333333335,15.901666666666669,0.0,0.0,0.0,0.0,0.0,0.07666666666666667,0.0,0.0,0.0,0.8333333333333334,0.37000000000000005,0.0,0.0,0.0,9.836666666666666,0.5499999999999999,0.57
慕乔猫咖(江汉路旗舰一店),1.3583333333333334,0.0,0.0,0.0,0.0,0.0,0.0,0.0,0.0,0.0,0.0,0.0,0.0,0.0,0.0,0.0,0.0,0.0,0.0,0.0,0.0,0.0,0.0,0.0,0.0,0.0,0.0,0.0,0.0,0.38000000000000006,0.0,1.4483333333333333,0.0,0.0,0.18166666666666667,0.0,0.0,0.0,0.0,0.0,0.0,0.0,0.0,0.0,0.0,0.0,0.0,0.16,0.0,0.07833333333333334
慢半拍咖啡(胜利街店),0.37833333333333335,0.0,0.0,0.0,0.0,0.18000000000000002,0.0,0.0,0.0,0.0,0.0,0.0,0.0,0.0,0.0,0.0,3.841666666666667,0.0,0.0,0.0,0.0,1.9233333333333331,0.4166666666666667,0.22999999999999998,1.4866666666666666,0.0,0.0,0.0,0.0,1.88,0.0,0.0,15.218333333333334,0.0,0.0,0.0,0.0,0.0,0.0,0.0,0.0,0.0,0.0,0.0,0.0,0.0,0.0,1.2550000000000001,0.3433333333333333,0.9900000000000001
托勒咖啡,0.0,1.3383333333333332,0.0,1.2449999999999999,0.0,0.215,0.0,0.0,0.0,0.0,0.0,0.0,0.0,0.0,0.0,0.0,0.0,0.0,0.0,0.05666666666666667,0.0,0.021666666666666667,0.0,0.0,0.325,0.0,0.0,0.0,0.0,1.2366666666666666,1.0816666666666668,0.4816666666666667,0.0,0.0,0.0,0.0,0.0,0.0,0.0,0.0,0.0,3.6916666666666664,0.0,0.0,0.0,0.0,0.0,7.566666666666666,0.0,2.098333333333333
摆脱冷气咖啡学院,0.0,0.0,0.0,0.0,0.0,0.0,0.0,0.0,0.0,0.0,0.0,0.0,0.0,0.0,0.0,0.0,0.0,0.0,0.0,0.0,0.0,0.0,0.0,0.0,0.0,0.0,0.0,0.0,0.0,2.2066666666666666,0.0,0.5316666666666666,0.9049999999999999,0.0,0.07333333333333333,0.0,0.0,0.0,0.0,0.0,0.0,0.0,0.0,0.0,0.0,0.0,0.0,2.7583333333333333,0.49833333333333335,0.2966666666666667
星巴克(保元里店),0.7399999999999999,0.0,0.0,0.0,0.31666666666666665,0.0,0.0,0.0,3.75,0.0,0.0,0.0,0.0,0.0,0.0,0.0,0.0,0.0,0.0,0.0,0.0,0.0,0.0,0.0,0.0,0.0,0.0,0.0,0.0,0.435,0.0,0.0,0.19499999999999998,0.0,0.0,0.0,0.0,0.0,0.0,0.0,0.0,0.0,0.0,0.35000000000000003,0.0,0.0,0.0,13.376666666666667,0.09000000000000001,1.6383333333333334
星巴克(大润发店),0.0,0.0,0.0,0.0,0.0,0.0,0.0,0.0,0.0,0.0,0.0,0.0,0.0,0.0,0.0,0.0,0.0,0.0,0.0,0.0,0.0,14.801666666666668,0.0,0.0,0.0,0.0,0.0,0.0,0.0,0.0,0.0,0.0,0.0,0.0,0.0,0.0,0.0,0.0,0.0,0.0,0.0,0.0,0.0,0.0,0.0,0.0,0.0,7.616666666666667,0.0,0.013333333333333334
星巴克(巴公房子店),1.05,0.0,0.0,0.0,0.0,0.0,0.0,0.0,0.0,0.0,0.0,0.0,0.0,0.0,0.0,0.0,0.19166666666666665,0.0,0.0,0.041666666666666664,0.0,0.06999999999999999,0.0,0.0,0.0,0.0,0.0,0.0,0.0,2.145,0.0,0.0,0.0,0.0,0.0,0.09666666666666666,0.0,0.0,0.0,0.0,0.0,0.0,0.19166666666666665,0.2733333333333333,0.0,0.0,0.0,14.966666666666667,1.4766666666666666,0.085
星巴克(桃源里店),0.0,0.0,0.0,0.0,0.0,0.0,0.0,0.0,0.0,0.0,0.0,0.0,0.0,0.0,0.0,0.0,0.0,0.0,0.0,0.0,0.0,10.19,0.0,0.625,0.0,0.0,0.0,0.0,0.0,0.0,0.0,0.0,0.0,0.0,0.0,0.0,0.0,0.0,0.0,0.0,0.0,0.0,0.0,0.0,0.0,0.0,0.0,7.5683333333333325,0.11499999999999999,0.18666666666666668
星巴克(武汉南国中心城店),3.5566666666666666,0.0,0.0,0.0,0.0,0.0,0.0,0.0,0.0,0.0,0.0,0.0,0.0,0.0,0.0,0.0,0.0,0.0,0.0,0.0,0.0,3.635,0.94,0.0,3.6283333333333334,0.0,0.0,0.0,0.0,0.0,0.0,0.0,15.245,0.0,0.0,0.0,0.0,0.0,0.0,0.0,0.0,0.0,0.0,0.0,8.105,0.0,0.0,6.856666666666666,0.0,0.013333333333333334
星巴克咖啡(武汉世纪都会广场1店),0.25166666666666665,0.0,0.0,0.0,0.0,0.0,0.0,0.0,0.0,0.0,0.0,0.0,0.0,0.0,0.0,0.0,0.0,0.0,0.0,0.0,0.0,6.003333333333334,0.0,0.0,0.0,0.0,0.0,0.0,0.0,0.0,0.0,0.0,0.0,0.0,0.0,0.0,0.0,0.0,0.0,0.0,0.0,0.0,0.0,0.0,0.0,0.0,0.0,8.985,2.13,0.05333333333333334
星巴克咖啡(武汉江汉路中心百货店),0.0,0.0,0.0,0.0,0.0,0.0,0.0,0.0,0.0,0.0,0.0,0.0,0.0,0.0,0.0,0.0,0.0,0.0,0.0,0.0,0.0,5.991666666666667,0.0,0.0,0.0,0.0,0.0,0.0,0.0,0.0,0.0,1.2066666666666668,0.0,0.0,0.0,0.0,0.0,0.0,0.0,0.24333333333333332,0.6566666666666666,0.0,0.0,0.0,0.0,0.0,0.0,10.518333333333333,0.8316666666666666,0.05333333333333334
星巴克臻选(武汉巴公房子店),1.1,0.0,0.0,0.0,0.0,0.0,0.0,0.0,0.0,0.0,0.0,0.0,0.0,0.0,0.0,0.0,0.0,0.0,0.0,0.33,0.03666666666666667,0.26166666666666666,0.0,0.0,0.125,0.0,0.0,0.0,0.0,0.12999999999999998,0.0,0.305,0.0,0.0,0.0,0.0,0.07833333333333332,0.0,0.0,0.0,0.0,0.0,0.09499999999999999,0.0,0.03666666666666667,0.0,0.0,9.88,1.6716666666666666,0.62
最后一杯咖啡鸡尾酒沙龙,8.116666666666667,1.1300000000000001,0.0,0.0,0.0,0.0,0.2816666666666667,0.0,0.0,0.0,0.0,0.0,0.0,0.0,0.0,0.0,0.0,0.0,0.0,1.04,0.045000000000000005,4.2683333333333335,0.0,0.0,0.0,0.0,0.0,0.0,0.0,0.0,0.0,0.0,14.410000000000002,0.0,0.0,0.0,0.0,0.0,0.0,0.0,0.0,0.0,0.0,0.0,0.0,0.0,0.0,0.265,1.2066666666666668,0.0016666666666666668
游心咖啡(苗栗路店),0.42,0.0,0.0,0.0,0.0,0.0,0.0,0.0,0.0,0.0,0.0,0.0,0.0,0.0,0.0,0.0,0.0,0.0,0.0,0.0,0.0,0.0,0.0,0.0,0.0,0.0,0.0,0.0,0.0,0.8300000000000001,0.0,0.4766666666666666,0.0,0.0,0.0,0.0,0.0,0.0,0.0,0.0,0.0,0.0,0.0,0.0,0.0,0.0,0.0,7.691666666666666,0.09499999999999999,0.6849999999999999
漫崖咖啡·往事美作,0.995,0.0,0.0,0.0,0.0,0.0,0.0,0.0,0.0,0.0,0.0,0.0,0.0,0.0,0.0,0.0,0.0,0.0,0.0,0.0,0.0,0.0,0.0,0.0,0.0,0.0,0.0,0.0,0.0,0.49,0.0,0.0,0.0,0.0,0.0,0.0,0.0,0.0,0.0,0.0,0.0,0.0,0.0,0.0,0.0,0.0,0.0,30.795,1.21,0.0
火吧·咖啡,0.075,1.735,4.63,0.0,0.0,0.0,0.0,0.0,0.0,0.0,0.0,0.0,0.0,0.0,0.0,0.0,0.0,0.0,0.0,0.0,0.0,0.0,0.0,0.0,0.0,0.0,0.0,0.0,0.0,0.0,0.0,0.0,0.0,0.0,0.0,0.0,0.0,0.0,0.0,0.0,0.0,0.0,0.0,0.0,0.0,0.0,0.0,21.23,4.09,0.955
灰猫咖啡ChatGris,1.2683333333333333,0.0,0.0,0.0,0.0,0.27,0.0,0.0,0.0,0.0,0.0,0.0,0.0,0.0,0.0,0.0,0.0,0.0,0.0,0.0,0.0,2.6416666666666666,0.0,1.3483333333333334,9.918333333333333,0.0,0.0,0.0,0.0,0.08833333333333333,0.0,0.0,2.7816666666666667,0.0,0.0,0.0,0.0,0.0,0.0,0.0,0.0,0.0,1.295,0.0,0.0,0.0,1.1133333333333333,2.3733333333333335,1.0933333333333335,0.006666666666666667
猫会有猫咖(汉口STAY店),10.061666666666666,0.0,0.0,0.0,0.0,0.0,0.0,0.0,0.0,0.0,28.471666666666668,0.0,0.0,0.0,0.0,0.0,0.0,0.0,0.0,0.0,0.0,0.0,0.0,0.0,0.0,0.0,0.0,0.0,0.0,14.936666666666667,0.0,0.0,0.0,0.0,0.0,0.0,0.0,0.0,0.0,0.0,0.0,0.0,0.0,0.0,0.0,0.0,0.0,1.6533333333333333,0.46166666666666667,0.745
王校长的店,0.0,0.0,0.0,0.0,0.0,0.0,0.0,0.0,0.0,0.0,0.0,0.0,0.0,0.0,0.0,0.0,0.0,0.0,0.0,0.0,0.0,0.0,0.0,0.0,0.0,0.0,0.0,0.0,0.0,0.0,0.0,0.0,0.0,0.0,0.0,0.0,0.0,0.0,0.0,0.0,0.0,0.0,0.0,0.0,0.0,0.0,0.0,1.33,0.135,0.0
瑞幸咖啡(江汉路璇宫店),10.756666666666666,0.0,0.0,0.0,0.0,0.0,0.0,0.0,0.0,0.0,0.0,0.0,0.0,0.0,1.8383333333333332,0.0,0.18000000000000002,0.0,0.0,0.0,0.0,0.0,0.0,0.0,0.0,0.0,0.0,0.10166666666666667,0.0,0.0,0.0,0.0,0.0,0.0,0.0,0.0,0.0,0.0,0.0,0.0,0.0,0.0,0.0,0.034999999999999996,0.0,0.0,0.0,1.3399999999999999,0.03333333333333333,0.0
硕界空间设计(胜利街205号店),5.173333333333333,0.0,0.8816666666666667,0.0,0.0,0.0,0.0,0.0,0.0,0.0,0.0,0.0,0.0,0.0,0.0,5.445,0.0,0.0,0.0,0.0,0.0,0.0,0.0,0.0,0.0,0.0,0.0,0.0,0.0,1.11,0.0,1.2366666666666666,0.0,0.0,0.0,0.0,0.0,0.21833333333333335,0.0,0.0,0.0,0.0,0.0,0.0,0.19333333333333333,0.0,0.0,29.76,0.0,1.655
神仙姐姐咖啡屋,0.0,0.0,0.0,0.0,0.0,0.0,0.0,0.0,0.0,0.0,0.0,0.0,0.0,0.0,0.0,0.0,0.0,0.0,0.0,0.0,0.0,1.1033333333333333,0.21833333333333335,0.0,0.0,0.0,0.0,0.0,2.1783333333333332,0.9666666666666667,2.3850000000000002,2.3183333333333334,9.795,0.0,0.0,0.0,0.0,0.0,0.0,0.0,0.0,0.0,0.3183333333333333,1.6216666666666668,1.8266666666666669,0.0,0.0,8.626666666666667,0.0016666666666666668,0.515
秀玉coffee&kitchen(新佳丽时尚广场店),0.0,0.0,0.0,0.0,0.0,0.0,0.0,0.0,0.0,0.0,0.0,0.0,0.0,0.0,0.0,0.0,0.0,0.0,0.0,0.9433333333333334,0.0,0.0,0.0,0.0,2.4566666666666666,0.0,0.0,0.0,0.0,0.0,0.0,0.0,0.0,0.0,0.0,0.0,0.0,0.0,0.0,0.0,0.0,0.0,0.0,0.0,0.0,0.0,0.0,0.26499999999999996,0.5033333333333333,0.03166666666666667
羽啡吧咖啡屋(黎黄陂路店),1.3283333333333334,0.0,0.0,0.0,0.0,0.0,0.0,0.0,0.0,0.0,0.0,0.0,0.0,0.0,0.0,0.0,0.0,0.0,0.0,0.0,0.0,0.0,0.0,0.0,0.0,0.0,0.0,0.0,0.0,1.715,2.7983333333333333,5.260000000000001,0.0,0.0,0.0,0.0,0.0,0.0,0.0,0.0,0.0,0.0,0.06166666666666667,0.17,0.0,0.0,0.0,5.008333333333333,0.25833333333333336,3.885
老时光(黎黄陂路),2.1183333333333336,0.0,0.0,0.0,0.0,0.0,0.0,0.0,0.0,0.0,0.0,0.0,0.0,0.0,0.0,0.0,0.0,0.0,0.0,0.0,0.0,4.38,0.0,0.22333333333333336,0.0,0.0,0.0,0.0,0.0,2.7099999999999995,0.0,2.31,14.801666666666664,0.0,0.0,0.0,0.0,0.0,0.0,0.0,0.0,0.0,0.0,0.0,0.0,0.0,0.0,9.505,0.13,10.955
老泡茶庄(玉龙居小区店),0.3333333333333333,0.0,15.941666666666668,0.0,0.0,0.0,0.0,0.0,0.0,0.0,0.0,0.0,0.0,0.0,0.0,0.028333333333333335,0.0,0.0,0.0,0.0,0.0,0.0,0.0,0.0,0.0,0.0,0.0,0.0,0.0,0.0,0.0,0.0,0.0,0.0,0.0,0.0,0.0,0.0,0.0,0.0,0.0,0.0,0.0,0.0,0.0,0.0,0.0,20.841666666666665,0.12666666666666668,0.0
花瓣情咖啡(京汉花园店),0.9166666666666665,0.0,4.946666666666666,1.6883333333333335,0.0,0.0,0.0,0.0,0.0,0.0,0.0,0.0,0.0,0.0,0.0,0.0,0.0,0.0,0.0,0.0,0.0,0.0,0.0,0.0,0.0,0.0,0.0,0.0,0.0,0.0,0.0,0.0,0.0,0.0,0.0,0.0,0.0,0.0,0.0,0.0,0.0,0.0,0.0,0.0,0.0,0.0,0.0,5.9750000000000005,0.0,1.9883333333333335
蒹葭艺术咖啡Reed Art Coffee,0.0,0.0,0.0,0.0,0.0,0.0,0.0,0.0,0.0,0.0,0.0,0.0,0.0,0.0,0.0,0.0,0.0,0.0,0.0,0.0,0.0,6.881666666666667,0.0,2.265,0.15,0.0,0.0,0.0,0.0,0.0,2.0116666666666667,0.0,25.296666666666667,0.0,0.0,0.0,0.0,0.0,0.0,0.0,0.0,0.0,0.0,0.0,0.11333333333333334,0.0,0.0,3.42,1.4833333333333334,0.0
蜜蜡咖啡,0.1425,0.0,0.0,0.0,0.0,0.0,0.0,0.0,0.425,0.0,0.0,0.0,0.0,0.0,0.0,16.2025,0.0,0.0,0.0,0.0,0.0,0.0,0.0,0.0,0.0,0.0,0.0,0.0,0.0,5.3774999999999995,0.0,5.467499999999999,3.14,0.0,0.0,0.0,0.0,0.0,0.0,0.0,0.0,0.0,0.0,0.0,0.0,0.0,0.0,19.6675,0.0,5.1499999999999995
谜途咖啡(胜德里店),0.0,0.7066666666666667,0.0,0.0,0.0,0.0,0.0,0.0,0.0,0.0,0.0,0.0,0.0,0.0,0.0,0.0,0.0,0.0,0.0,0.0,0.0,0.0,0.0,0.0,0.0,0.0,0.0,0.0,0.0,0.0,0.0,0.0,0.0,0.0,0.0,0.0,0.0,0.0,0.0,0.0,0.0,0.0,0.0,0.0,0.0,0.0,0.0,2.9766666666666666,0.0,0.5683333333333334
路过coffee,1.995,0.0,0.0,0.0,0.0,0.0,0.0,0.0,0.0,0.0,0.0,0.0,0.0,0.0,0.0,0.0,0.0,0.0,0.0,1.0933333333333333,0.0,0.0,0.0,0.0,0.0,0.0,0.0,0.0,0.0,0.0,0.0,1.9383333333333332,0.0,0.0,0.315,0.0,0.0,0.0,0.0,1.0216666666666667,0.0,0.0,0.0,0.0,0.0,0.0,0.0,0.06833333333333333,0.0,0.22833333333333336
邮咖啡post cafe,0.655,0.0,0.0,0.0,0.0,0.0,0.0,0.0,0.0,0.0,0.0,0.0,0.0,0.0,0.0,0.0,0.0,0.0,0.0,0.09833333333333333,0.0,0.0,0.0,0.0,0.0,0.0,0.0,0.0,0.0,5.495,0.0,4.406666666666666,0.0,0.0,0.0,0.0,0.0,0.0,0.0,0.0,0.0,0.0,0.0,0.0,0.0,0.0,0.0,8.62,3.7533333333333334,1.665
风禾咖啡(天津院小区店),0.0,0.0,0.0,0.0,0.0,0.0,0.0,0.0,0.25,0.0,0.0,0.0,0.0,0.0,0.0,0.0,0.0,0.0,0.0,0.0,0.0,15.06,0.0,0.49333333333333335,5.26,0.0,0.0,0.0,1.0266666666666666,0.79,0.0,4.048333333333333,23.92,0.0,0.0,0.0,0.0,0.0,0.0,0.0,0.0,0.0,0.0,0.0,0.0,0.0,0.0,2.685,2.945,0.7233333333333333
魔界咖啡,0.555,0.0,0.0,0.0,0.0,0.0,0.0,0.0,1.2366666666666666,0.0,0.0,0.0,0.0,0.0,0.0,10.273333333333333,0.0,0.0,0.0,0.0,0.0,0.0,0.0,0.0,0.0,0.0,0.0,0.0,0.0,0.8616666666666667,0.0,3.91,0.0,0.0,0.0,0.0,0.0,0.0,0.0,0.0,0.0,0.0,0.0,0.0,0.0,0.0,0.0,2.6016666666666666,0.051666666666666666,13.885
麦兜咖啡,10.0,0.0,0.0,0.0,0.0,0.0,0.0,0.0,0.0,0.0,0.0,0.0,0.0,0.0,0.0,0.0,1.27,0.0,0.0,0.0,0.0,0.0,0.0,0.0,0.0,0.0,0.0,0.0,0.0,0.0,0.0,5.965,0.0,0.0,0.0,0.0,0.0,0.0,0.0,0.0,0.0,0.0,0.0,0.0,0.0,0.0,0.0,1.255,0.29,4.55
黑色方块咖啡,0.485,0.0,0.0,0.0,0.0,0.0,0.0,0.0,0.0,0.0,0.0,0.0,0.0,0.0,0.0,0.0,0.0,0.0,0.0,0.0,0.0,0.0,0.0,0.0,0.0,0.0,0.0,0.0,0.0,0.0,0.0,0.0,0.0,0.0,0.1825,0.0,0.0,0.0,0.0,0.0,0.0,0.0,0.0,0.0,0.0,0.0,0.0,3.2525000000000004,0.2575,0.0
龍腾咖啡,0.0,0.0,4.2725,0.0,0.0,0.0,0.0,0.0,0.0,0.0,0.0,0.0,0.0,0.0,0.0,0.0,0.0,0.0,0.0,0.0,0.0,0.0,0.0,0.0,0.0,0.0,0.0,0.0,0.0,0.0,0.0,3.42,0.0,0.0,0.0,0.0,0.0,0.0,0.0,0.0,0.0,0.0,0.0,0.0,0.0,0.0,0.0,4.2425,0.14,1.515
